Workbook

Sheet Configuracion
A1: Id | B1: Ciclos | C1: Sesiones | D1: Módulos | E1: Tasa de Llegada | F1: TBS | G1: TBC | H1: Módulos Lab. | I1: Duracion (Dias)
A2: 1 | B2: 1 | C2: 24 | D2: 16 | E2: 0 | F2: 14 | G2: 1 | H2: 4 | I2: 322
A3: 2 | B3: 1 | C3: 12 | D3: 8 | E3: 0.06 | F3: 21 | G3: 1 | H3: 3 | I3: 231
A4: 3 | B4: 1 | C4: 24 | D4: 16 | E4: 0.58 | F4: 14 | G4: 1 | H4: 4 | I4: 322
A5: 4 | B5: 1 | C5: 6 | D5: 25 | E5: 0.3 | F5: 21 | G5: 1 | H5: 4 | I5: 105
A6: 5 | B6: 1 | C6: 24 | D6: 16 | E6: 0.44 | F6: 14 | G6: 1 | H6: 3 | I6: 322
A7: 6 | B7: 1 | C7: 15 | D7: 20 | E7: 0.19 | F7: 21 | G7: 1 | H7: 4 | I7: 294
A8: 7 | B8: 1 | C8: 4 | D8: 14 | E8: 0.72 | F8: 21 | G8: 1 | H8: 5 | I8: 63
A9: 8 | B9: 1 | C9: 5 | D9: 15 | E9: 0.27 | F9: 21 | G9: 1 | H9: 5 | I9: 84
A10: 9 | B10: 9 | C10: 5 | D10: 15 | E10: 0.1 | F10: 1 | G10: 21 | H10: 3 | I10: 204
A11: 10 | B11: 1 | C11: 24 | D11: 16 | E11: 1.01 | F11: 14 | G11: 1 | H11: 5 | I11: 322
A12: 11 | B12: 1 | C12: 5 | D12: 8 | E12: 0.16 | F12: 21 | G12: 1 | H12: 3 | I12: 84
A13: 12 | B13: 1 | C13: 4 | D13: 16 | E13: 0.08 | F13: 14 | G13: 1 | H13: 4 | I13: 42
... A15: 14 | B15: 1 | C15: 12 | D15: 10 | E15: 0.1 | F15: 14 | G15: 1 | H15: 3 | I15: 154

Sheet Parametros_Globales
A1: Parametros | B1: Valor
A3: n_sillas | B3: 15
A4: n_enfermeras | B4: 4
A5: modulos_ordinarios | B5: 48
A6: modulos_extraordinarios | B6: 8
A7: modulos_farmacia | B7: 20
A8: n_farmaceuticos | B8: 9

Sheet Motor_Arribos
A1: Dia | B1: Tipo 1 | C1: Tipo 2 | D1: Tipo 3 | E1: Tipo 4 | F1: Tipo 5 | G1: Tipo 6 | H1: Tipo 7 | I1: Tipo 8 | J1: Tipo 9 | K1: Tipo 10 | L1: Tipo 11 | M1: Tipo 12 | N1: Tipo 13 | O1: Tipo 14
A2: 1 | B2: 0 | C2: 0 | D2: 2 | E2: 0 | F2: 2 | G2: 1 | H2: 1 | I2: 0 | J2: 1 | K2: 0 | L2: 1 | M2: 0 | N2: 0 | O2: 1
A3: 2 | B3: 0 | C3: 0 | D3: 0 | E3: 0 | F3: 1 | G3: 0 | H3: 0 | I3: 0 | J3: 0 | K3: 3 | L3: 0 | M3: 0 | N3: 0 | O3: 0
A4: 3 | B4: 0 | C4: 0 | D4: 1 | E4: 3 | F4: 0 | G4: 0 | H4: 2 | I4: 0 | J4: 1 | K4: 2 | L4: 0 | M4: 0 | N4: 0 | O4: 0
A5: 4 | B5: 0 | C5: 1 | D5: 0 | E5: 0 | F5: 0 | G5: 0 | H5: 0 | I5: 0 | J5: 0 | K5: 1 | L5: 0 | M5: 0 | N5: 0 | O5: 0
A6: 5 | B6: 0 | C6: 0 | D6: 0 | E6: 0 | F6: 1 | G6: 0 | H6: 1 | I6: 0 | J6: 0 | K6: 1 | L6: 0 | M6: 0 | N6: 0 | O6: 0
A7: 6 | B7: 0 | C7: 0 | D7: 1 | E7: 0 | F7: 0 | G7: 0 | H7: 2 | I7: 0 | J7: 0 | K7: 2 | L7: 0 | M7: 0 | N7: 0 | O7: 0
A8: 7 | B8: 0 | C8: 0 | D8: 1 | E8: 1 | F8: 0 | G8: 1 | H8: 0 | I8: 1 | J8: 0 | K8: 0 | L8: 0 | M8: 0 | N8: 0 | O8: 0
A9: 8 | B9: 0 | C9: 0 | D9: 0 | E9: 1 | F9: 0 | G9: 0 | H9: 1 | I9: 0 | J9: 0 | K9: 0 | L9: 0 | M9: 1 | N9: 0 | O9: 0
A10: 9 | B10: 0 | C10: 0 | D10: 0 | E10: 0 | F10: 1 | G10: 0 | H10: 0 | I10: 0 | J10: 1 | K10: 1 | L10: 0 | M10: 0 | N10: 0 | O10: 0
A11: 10 | B11: 0 | C11: 0 | D11: 0 | E11: 0 | F11: 0 | G11: 0 | H11: 0 | I11: 0 | J11: 0 | K11: 2 | L11: 1 | M11: 0 | N11: 0 | O11: 0
A12: 11 | B12: 0 | C12: 0 | D12: 1 | E12: 1 | F12: 1 | G12: 1 | H12: 0 | I12: 0 | J12: 0 | K12: 1 | L12: 1 | M12: 0 | N12: 0 | O12: 0
A13: 12 | B13: 0 | C13: 0 | D13: 0 | E13: 0 | F13: 0 | G13: 0 | H13: 1 | I13: 0 | J13: 0 | K13: 2 | L13: 0 | M13: 0 | N13: 0 | O13: 0
... A731: 730 | B731: 0 | C731: 0 | D731: 0 | E731: 0 | F731: 0 | G731: 1 | H731: 0 | I731: 2 | J731: 0 | K731: 0 | L731: 1 | M731: 0 | N731: 0 | O731: 0

Sheet Motor_Bajas
A1: Dia | B1: Tipo 1 | C1: Tipo 2 | D1: Tipo 3 | E1: Tipo 4 | F1: Tipo 5 | G1: Tipo 6 | H1: Tipo 7 | I1: Tipo 8 | J1: Tipo 9 | K1: Tipo 10 | L1: Tipo 11 | M1: Tipo 12 | N1: Tipo 13 | O1: Tipo 14 | P1: Unnamed: 15
A2: 1 | B2: {=IF($A2 - Configuracion!$I$2 - 1 > 0, INDEX(Motor_Arribos!B$2:B$731, MATCH($A2 - Configuracion!$I$2 - 1, Motor_Arribos!$A$2:$A$731, 0)), 0)} | C2: {=IF($A2 - Configuracion!$I$3 - 1 > 0, INDEX(Motor_Arribos!C$2:C$731, MATCH($A2 - Configuracion!$I$3 - 1, Motor_Arribos!$A$2:$A$731, 0)), 0)} | D2: {=IF($A2 - Configuracion!$I$4 - 1 > 0, INDEX(Motor_Arribos!D$2:D$731, MATCH($A2 - Configuracion!$I$4 - 1, Motor_Arribos!$A$2:$A$731, 0)), 0)} | E2: {=IF($A2 - Configuracion!$I$5 - 1 > 0, INDEX(Motor_Arribos!E$2:E$731, MATCH($A2 - Configuracion!$I$5 - 1, Motor_Arribos!$A$2:$A$731, 0)), 0)} | F2: {=IF($A2 - Configuracion!$I$6 - 1 > 0, INDEX(Motor_Arribos!F$2:F$731, MATCH($A2 - Configuracion!$I$6 - 1, Motor_Arribos!$A$2:$A$731, 0)), 0)} | G2: {=IF($A2 - Configuracion!$I$7 - 1 > 0, INDEX(Motor_Arribos!G$2:G$731, MATCH($A2 - Configuracion!$I$7 - 1, Motor_Arribos!$A$2:$A$731, 0)), 0)} | H2: {=IF($A2 - Configuracion!$I$8 - 1 > 0, INDEX(Motor_Arribos!H$2:H$731, MATCH($A2 - Configuracion!$I$8 - 1, Motor_Arribos!$A$2:$A$731, 0)), 0)} | I2: {=IF($A2 - Configuracion!$I$9 - 1 > 0, INDEX(Motor_Arribos!I$2:I$731, MATCH($A2 - Configuracion!$I$9 - 1, Motor_Arribos!$A$2:$A$731, 0)), 0)} | J2: {=IF($A2 - Configuracion!$I$10 - 1 > 0, INDEX(Motor_Arribos!J$2:J$731, MATCH($A2 - Configuracion!$I$10 - 1, Motor_Arribos!$A$2:$A$731, 0)), 0)} | K2: {=IF($A2 - Configuracion!$I$11 - 1 > 0, INDEX(Motor_Arribos!K$2:K$731, MATCH($A2 - Configuracion!$I$11 - 1, Motor_Arribos!$A$2:$A$731, 0)), 0)} | L2: {=IF($A2 - Configuracion!$I$12 - 1 > 0, INDEX(Motor_Arribos!L$2:L$731, MATCH($A2 - Configuracion!$I$12 - 1, Motor_Arribos!$A$2:$A$731, 0)), 0)} | M2: {=IF($A2 - Configuracion!$I$13 - 1 > 0, INDEX(Motor_Arribos!M$2:M$731, MATCH($A2 - Configuracion!$I$13 - 1, Motor_Arribos!$A$2:$A$731, 0)), 0)} | N2: {=IF($A2 - Configuracion!$I$14 - 1 > 0, INDEX(Motor_Arribos!N$2:N$731, MATCH($A2 - Configuracion!$I$14 - 1, Motor_Arribos!$A$2:$A$731, 0)), 0)} | O2: {=IF($A2 - Configuracion!$I$15 - 1 > 0, INDEX(Motor_Arribos!O$2:O$731, MATCH($A2 - Configuracion!$I$15 - 1, Motor_Arribos!$A$2:$A$731, 0)), 0)}
A3: 2 | B3: {=IF($A3 - Configuracion!$I$2 - 1 > 0, INDEX(Motor_Arribos!B$2:B$731, MATCH($A3 - Configuracion!$I$2 - 1, Motor_Arribos!$A$2:$A$731, 0)), 0)} | C3: {=IF($A3 - Configuracion!$I$3 - 1 > 0, INDEX(Motor_Arribos!C$2:C$731, MATCH($A3 - Configuracion!$I$3 - 1, Motor_Arribos!$A$2:$A$731, 0)), 0)} | D3: {=IF($A3 - Configuracion!$I$4 - 1 > 0, INDEX(Motor_Arribos!D$2:D$731, MATCH($A3 - Configuracion!$I$4 - 1, Motor_Arribos!$A$2:$A$731, 0)), 0)} | E3: {=IF($A3 - Configuracion!$I$5 - 1 > 0, INDEX(Motor_Arribos!E$2:E$731, MATCH($A3 - Configuracion!$I$5 - 1, Motor_Arribos!$A$2:$A$731, 0)), 0)} | F3: {=IF($A3 - Configuracion!$I$6 - 1 > 0, INDEX(Motor_Arribos!F$2:F$731, MATCH($A3 - Configuracion!$I$6 - 1, Motor_Arribos!$A$2:$A$731, 0)), 0)} | G3: {=IF($A3 - Configuracion!$I$7 - 1 > 0, INDEX(Motor_Arribos!G$2:G$731, MATCH($A3 - Configuracion!$I$7 - 1, Motor_Arribos!$A$2:$A$731, 0)), 0)} | H3: {=IF($A3 - Configuracion!$I$8 - 1 > 0, INDEX(Motor_Arribos!H$2:H$731, MATCH($A3 - Configuracion!$I$8 - 1, Motor_Arribos!$A$2:$A$731, 0)), 0)} | I3: {=IF($A3 - Configuracion!$I$9 - 1 > 0, INDEX(Motor_Arribos!I$2:I$731, MATCH($A3 - Configuracion!$I$9 - 1, Motor_Arribos!$A$2:$A$731, 0)), 0)} | J3: {=IF($A3 - Configuracion!$I$10 - 1 > 0, INDEX(Motor_Arribos!J$2:J$731, MATCH($A3 - Configuracion!$I$10 - 1, Motor_Arribos!$A$2:$A$731, 0)), 0)} | K3: {=IF($A3 - Configuracion!$I$11 - 1 > 0, INDEX(Motor_Arribos!K$2:K$731, MATCH($A3 - Configuracion!$I$11 - 1, Motor_Arribos!$A$2:$A$731, 0)), 0)} | L3: {=IF($A3 - Configuracion!$I$12 - 1 > 0, INDEX(Motor_Arribos!L$2:L$731, MATCH($A3 - Configuracion!$I$12 - 1, Motor_Arribos!$A$2:$A$731, 0)), 0)} | M3: {=IF($A3 - Configuracion!$I$13 - 1 > 0, INDEX(Motor_Arribos!M$2:M$731, MATCH($A3 - Configuracion!$I$13 - 1, Motor_Arribos!$A$2:$A$731, 0)), 0)} | N3: {=IF($A3 - Configuracion!$I$14 - 1 > 0, INDEX(Motor_Arribos!N$2:N$731, MATCH($A3 - Configuracion!$I$14 - 1, Motor_Arribos!$A$2:$A$731, 0)), 0)} | O3: {=IF($A3 - Configuracion!$I$15 - 1 > 0, INDEX(Motor_Arribos!O$2:O$731, MATCH($A3 - Configuracion!$I$15 - 1, Motor_Arribos!$A$2:$A$731, 0)), 0)}
A4: 3 | B4: {=IF($A4 - Configuracion!$I$2 - 1 > 0, INDEX(Motor_Arribos!B$2:B$731, MATCH($A4 - Configuracion!$I$2 - 1, Motor_Arribos!$A$2:$A$731, 0)), 0)} | C4: {=IF($A4 - Configuracion!$I$3 - 1 > 0, INDEX(Motor_Arribos!C$2:C$731, MATCH($A4 - Configuracion!$I$3 - 1, Motor_Arribos!$A$2:$A$731, 0)), 0)} | D4: {=IF($A4 - Configuracion!$I$4 - 1 > 0, INDEX(Motor_Arribos!D$2:D$731, MATCH($A4 - Configuracion!$I$4 - 1, Motor_Arribos!$A$2:$A$731, 0)), 0)} | E4: {=IF($A4 - Configuracion!$I$5 - 1 > 0, INDEX(Motor_Arribos!E$2:E$731, MATCH($A4 - Configuracion!$I$5 - 1, Motor_Arribos!$A$2:$A$731, 0)), 0)} | F4: {=IF($A4 - Configuracion!$I$6 - 1 > 0, INDEX(Motor_Arribos!F$2:F$731, MATCH($A4 - Configuracion!$I$6 - 1, Motor_Arribos!$A$2:$A$731, 0)), 0)} | G4: {=IF($A4 - Configuracion!$I$7 - 1 > 0, INDEX(Motor_Arribos!G$2:G$731, MATCH($A4 - Configuracion!$I$7 - 1, Motor_Arribos!$A$2:$A$731, 0)), 0)} | H4: {=IF($A4 - Configuracion!$I$8 - 1 > 0, INDEX(Motor_Arribos!H$2:H$731, MATCH($A4 - Configuracion!$I$8 - 1, Motor_Arribos!$A$2:$A$731, 0)), 0)} | I4: {=IF($A4 - Configuracion!$I$9 - 1 > 0, INDEX(Motor_Arribos!I$2:I$731, MATCH($A4 - Configuracion!$I$9 - 1, Motor_Arribos!$A$2:$A$731, 0)), 0)} | J4: {=IF($A4 - Configuracion!$I$10 - 1 > 0, INDEX(Motor_Arribos!J$2:J$731, MATCH($A4 - Configuracion!$I$10 - 1, Motor_Arribos!$A$2:$A$731, 0)), 0)} | K4: {=IF($A4 - Configuracion!$I$11 - 1 > 0, INDEX(Motor_Arribos!K$2:K$731, MATCH($A4 - Configuracion!$I$11 - 1, Motor_Arribos!$A$2:$A$731, 0)), 0)} | L4: {=IF($A4 - Configuracion!$I$12 - 1 > 0, INDEX(Motor_Arribos!L$2:L$731, MATCH($A4 - Configuracion!$I$12 - 1, Motor_Arribos!$A$2:$A$731, 0)), 0)} | M4: {=IF($A4 - Configuracion!$I$13 - 1 > 0, INDEX(Motor_Arribos!M$2:M$731, MATCH($A4 - Configuracion!$I$13 - 1, Motor_Arribos!$A$2:$A$731, 0)), 0)} | N4: {=IF($A4 - Configuracion!$I$14 - 1 > 0, INDEX(Motor_Arribos!N$2:N$731, MATCH($A4 - Configuracion!$I$14 - 1, Motor_Arribos!$A$2:$A$731, 0)), 0)} | O4: {=IF($A4 - Configuracion!$I$15 - 1 > 0, INDEX(Motor_Arribos!O$2:O$731, MATCH($A4 - Configuracion!$I$15 - 1, Motor_Arribos!$A$2:$A$731, 0)), 0)}
A5: 4 | B5: {=IF($A5 - Configuracion!$I$2 - 1 > 0, INDEX(Motor_Arribos!B$2:B$731, MATCH($A5 - Configuracion!$I$2 - 1, Motor_Arribos!$A$2:$A$731, 0)), 0)} | C5: {=IF($A5 - Configuracion!$I$3 - 1 > 0, INDEX(Motor_Arribos!C$2:C$731, MATCH($A5 - Configuracion!$I$3 - 1, Motor_Arribos!$A$2:$A$731, 0)), 0)} | D5: {=IF($A5 - Configuracion!$I$4 - 1 > 0, INDEX(Motor_Arribos!D$2:D$731, MATCH($A5 - Configuracion!$I$4 - 1, Motor_Arribos!$A$2:$A$731, 0)), 0)} | E5: {=IF($A5 - Configuracion!$I$5 - 1 > 0, INDEX(Motor_Arribos!E$2:E$731, MATCH($A5 - Configuracion!$I$5 - 1, Motor_Arribos!$A$2:$A$731, 0)), 0)} | F5: {=IF($A5 - Configuracion!$I$6 - 1 > 0, INDEX(Motor_Arribos!F$2:F$731, MATCH($A5 - Configuracion!$I$6 - 1, Motor_Arribos!$A$2:$A$731, 0)), 0)} | G5: {=IF($A5 - Configuracion!$I$7 - 1 > 0, INDEX(Motor_Arribos!G$2:G$731, MATCH($A5 - Configuracion!$I$7 - 1, Motor_Arribos!$A$2:$A$731, 0)), 0)} | H5: {=IF($A5 - Configuracion!$I$8 - 1 > 0, INDEX(Motor_Arribos!H$2:H$731, MATCH($A5 - Configuracion!$I$8 - 1, Motor_Arribos!$A$2:$A$731, 0)), 0)} | I5: {=IF($A5 - Configuracion!$I$9 - 1 > 0, INDEX(Motor_Arribos!I$2:I$731, MATCH($A5 - Configuracion!$I$9 - 1, Motor_Arribos!$A$2:$A$731, 0)), 0)} | J5: {=IF($A5 - Configuracion!$I$10 - 1 > 0, INDEX(Motor_Arribos!J$2:J$731, MATCH($A5 - Configuracion!$I$10 - 1, Motor_Arribos!$A$2:$A$731, 0)), 0)} | K5: {=IF($A5 - Configuracion!$I$11 - 1 > 0, INDEX(Motor_Arribos!K$2:K$731, MATCH($A5 - Configuracion!$I$11 - 1, Motor_Arribos!$A$2:$A$731, 0)), 0)} | L5: {=IF($A5 - Configuracion!$I$12 - 1 > 0, INDEX(Motor_Arribos!L$2:L$731, MATCH($A5 - Configuracion!$I$12 - 1, Motor_Arribos!$A$2:$A$731, 0)), 0)} | M5: {=IF($A5 - Configuracion!$I$13 - 1 > 0, INDEX(Motor_Arribos!M$2:M$731, MATCH($A5 - Configuracion!$I$13 - 1, Motor_Arribos!$A$2:$A$731, 0)), 0)} | N5: {=IF($A5 - Configuracion!$I$14 - 1 > 0, INDEX(Motor_Arribos!N$2:N$731, MATCH($A5 - Configuracion!$I$14 - 1, Motor_Arribos!$A$2:$A$731, 0)), 0)} | O5: {=IF($A5 - Configuracion!$I$15 - 1 > 0, INDEX(Motor_Arribos!O$2:O$731, MATCH($A5 - Configuracion!$I$15 - 1, Motor_Arribos!$A$2:$A$731, 0)), 0)}
A6: 5 | B6: {=IF($A6 - Configuracion!$I$2 - 1 > 0, INDEX(Motor_Arribos!B$2:B$731, MATCH($A6 - Configuracion!$I$2 - 1, Motor_Arribos!$A$2:$A$731, 0)), 0)} | C6: {=IF($A6 - Configuracion!$I$3 - 1 > 0, INDEX(Motor_Arribos!C$2:C$731, MATCH($A6 - Configuracion!$I$3 - 1, Motor_Arribos!$A$2:$A$731, 0)), 0)} | D6: {=IF($A6 - Configuracion!$I$4 - 1 > 0, INDEX(Motor_Arribos!D$2:D$731, MATCH($A6 - Configuracion!$I$4 - 1, Motor_Arribos!$A$2:$A$731, 0)), 0)} | E6: {=IF($A6 - Configuracion!$I$5 - 1 > 0, INDEX(Motor_Arribos!E$2:E$731, MATCH($A6 - Configuracion!$I$5 - 1, Motor_Arribos!$A$2:$A$731, 0)), 0)} | F6: {=IF($A6 - Configuracion!$I$6 - 1 > 0, INDEX(Motor_Arribos!F$2:F$731, MATCH($A6 - Configuracion!$I$6 - 1, Motor_Arribos!$A$2:$A$731, 0)), 0)} | G6: {=IF($A6 - Configuracion!$I$7 - 1 > 0, INDEX(Motor_Arribos!G$2:G$731, MATCH($A6 - Configuracion!$I$7 - 1, Motor_Arribos!$A$2:$A$731, 0)), 0)} | H6: {=IF($A6 - Configuracion!$I$8 - 1 > 0, INDEX(Motor_Arribos!H$2:H$731, MATCH($A6 - Configuracion!$I$8 - 1, Motor_Arribos!$A$2:$A$731, 0)), 0)} | I6: {=IF($A6 - Configuracion!$I$9 - 1 > 0, INDEX(Motor_Arribos!I$2:I$731, MATCH($A6 - Configuracion!$I$9 - 1, Motor_Arribos!$A$2:$A$731, 0)), 0)} | J6: {=IF($A6 - Configuracion!$I$10 - 1 > 0, INDEX(Motor_Arribos!J$2:J$731, MATCH($A6 - Configuracion!$I$10 - 1, Motor_Arribos!$A$2:$A$731, 0)), 0)} | K6: {=IF($A6 - Configuracion!$I$11 - 1 > 0, INDEX(Motor_Arribos!K$2:K$731, MATCH($A6 - Configuracion!$I$11 - 1, Motor_Arribos!$A$2:$A$731, 0)), 0)} | L6: {=IF($A6 - Configuracion!$I$12 - 1 > 0, INDEX(Motor_Arribos!L$2:L$731, MATCH($A6 - Configuracion!$I$12 - 1, Motor_Arribos!$A$2:$A$731, 0)), 0)} | M6: {=IF($A6 - Configuracion!$I$13 - 1 > 0, INDEX(Motor_Arribos!M$2:M$731, MATCH($A6 - Configuracion!$I$13 - 1, Motor_Arribos!$A$2:$A$731, 0)), 0)} | N6: {=IF($A6 - Configuracion!$I$14 - 1 > 0, INDEX(Motor_Arribos!N$2:N$731, MATCH($A6 - Configuracion!$I$14 - 1, Motor_Arribos!$A$2:$A$731, 0)), 0)} | O6: {=IF($A6 - Configuracion!$I$15 - 1 > 0, INDEX(Motor_Arribos!O$2:O$731, MATCH($A6 - Configuracion!$I$15 - 1, Motor_Arribos!$A$2:$A$731, 0)), 0)}
A7: 6 | B7: {=IF($A7 - Configuracion!$I$2 - 1 > 0, INDEX(Motor_Arribos!B$2:B$731, MATCH($A7 - Configuracion!$I$2 - 1, Motor_Arribos!$A$2:$A$731, 0)), 0)} | C7: {=IF($A7 - Configuracion!$I$3 - 1 > 0, INDEX(Motor_Arribos!C$2:C$731, MATCH($A7 - Configuracion!$I$3 - 1, Motor_Arribos!$A$2:$A$731, 0)), 0)} | D7: {=IF($A7 - Configuracion!$I$4 - 1 > 0, INDEX(Motor_Arribos!D$2:D$731, MATCH($A7 - Configuracion!$I$4 - 1, Motor_Arribos!$A$2:$A$731, 0)), 0)} | E7: {=IF($A7 - Configuracion!$I$5 - 1 > 0, INDEX(Motor_Arribos!E$2:E$731, MATCH($A7 - Configuracion!$I$5 - 1, Motor_Arribos!$A$2:$A$731, 0)), 0)} | F7: {=IF($A7 - Configuracion!$I$6 - 1 > 0, INDEX(Motor_Arribos!F$2:F$731, MATCH($A7 - Configuracion!$I$6 - 1, Motor_Arribos!$A$2:$A$731, 0)), 0)} | G7: {=IF($A7 - Configuracion!$I$7 - 1 > 0, INDEX(Motor_Arribos!G$2:G$731, MATCH($A7 - Configuracion!$I$7 - 1, Motor_Arribos!$A$2:$A$731, 0)), 0)} | H7: {=IF($A7 - Configuracion!$I$8 - 1 > 0, INDEX(Motor_Arribos!H$2:H$731, MATCH($A7 - Configuracion!$I$8 - 1, Motor_Arribos!$A$2:$A$731, 0)), 0)} | I7: {=IF($A7 - Configuracion!$I$9 - 1 > 0, INDEX(Motor_Arribos!I$2:I$731, MATCH($A7 - Configuracion!$I$9 - 1, Motor_Arribos!$A$2:$A$731, 0)), 0)} | J7: {=IF($A7 - Configuracion!$I$10 - 1 > 0, INDEX(Motor_Arribos!J$2:J$731, MATCH($A7 - Configuracion!$I$10 - 1, Motor_Arribos!$A$2:$A$731, 0)), 0)} | K7: {=IF($A7 - Configuracion!$I$11 - 1 > 0, INDEX(Motor_Arribos!K$2:K$731, MATCH($A7 - Configuracion!$I$11 - 1, Motor_Arribos!$A$2:$A$731, 0)), 0)} | L7: {=IF($A7 - Configuracion!$I$12 - 1 > 0, INDEX(Motor_Arribos!L$2:L$731, MATCH($A7 - Configuracion!$I$12 - 1, Motor_Arribos!$A$2:$A$731, 0)), 0)} | M7: {=IF($A7 - Configuracion!$I$13 - 1 > 0, INDEX(Motor_Arribos!M$2:M$731, MATCH($A7 - Configuracion!$I$13 - 1, Motor_Arribos!$A$2:$A$731, 0)), 0)} | N7: {=IF($A7 - Configuracion!$I$14 - 1 > 0, INDEX(Motor_Arribos!N$2:N$731, MATCH($A7 - Configuracion!$I$14 - 1, Motor_Arribos!$A$2:$A$731, 0)), 0)} | O7: {=IF($A7 - Configuracion!$I$15 - 1 > 0, INDEX(Motor_Arribos!O$2:O$731, MATCH($A7 - Configuracion!$I$15 - 1, Motor_Arribos!$A$2:$A$731, 0)), 0)}
A8: 7 | B8: {=IF($A8 - Configuracion!$I$2 - 1 > 0, INDEX(Motor_Arribos!B$2:B$731, MATCH($A8 - Configuracion!$I$2 - 1, Motor_Arribos!$A$2:$A$731, 0)), 0)} | C8: {=IF($A8 - Configuracion!$I$3 - 1 > 0, INDEX(Motor_Arribos!C$2:C$731, MATCH($A8 - Configuracion!$I$3 - 1, Motor_Arribos!$A$2:$A$731, 0)), 0)} | D8: {=IF($A8 - Configuracion!$I$4 - 1 > 0, INDEX(Motor_Arribos!D$2:D$731, MATCH($A8 - Configuracion!$I$4 - 1, Motor_Arribos!$A$2:$A$731, 0)), 0)} | E8: {=IF($A8 - Configuracion!$I$5 - 1 > 0, INDEX(Motor_Arribos!E$2:E$731, MATCH($A8 - Configuracion!$I$5 - 1, Motor_Arribos!$A$2:$A$731, 0)), 0)} | F8: {=IF($A8 - Configuracion!$I$6 - 1 > 0, INDEX(Motor_Arribos!F$2:F$731, MATCH($A8 - Configuracion!$I$6 - 1, Motor_Arribos!$A$2:$A$731, 0)), 0)} | G8: {=IF($A8 - Configuracion!$I$7 - 1 > 0, INDEX(Motor_Arribos!G$2:G$731, MATCH($A8 - Configuracion!$I$7 - 1, Motor_Arribos!$A$2:$A$731, 0)), 0)} | H8: {=IF($A8 - Configuracion!$I$8 - 1 > 0, INDEX(Motor_Arribos!H$2:H$731, MATCH($A8 - Configuracion!$I$8 - 1, Motor_Arribos!$A$2:$A$731, 0)), 0)} | I8: {=IF($A8 - Configuracion!$I$9 - 1 > 0, INDEX(Motor_Arribos!I$2:I$731, MATCH($A8 - Configuracion!$I$9 - 1, Motor_Arribos!$A$2:$A$731, 0)), 0)} | J8: {=IF($A8 - Configuracion!$I$10 - 1 > 0, INDEX(Motor_Arribos!J$2:J$731, MATCH($A8 - Configuracion!$I$10 - 1, Motor_Arribos!$A$2:$A$731, 0)), 0)} | K8: {=IF($A8 - Configuracion!$I$11 - 1 > 0, INDEX(Motor_Arribos!K$2:K$731, MATCH($A8 - Configuracion!$I$11 - 1, Motor_Arribos!$A$2:$A$731, 0)), 0)} | L8: {=IF($A8 - Configuracion!$I$12 - 1 > 0, INDEX(Motor_Arribos!L$2:L$731, MATCH($A8 - Configuracion!$I$12 - 1, Motor_Arribos!$A$2:$A$731, 0)), 0)} | M8: {=IF($A8 - Configuracion!$I$13 - 1 > 0, INDEX(Motor_Arribos!M$2:M$731, MATCH($A8 - Configuracion!$I$13 - 1, Motor_Arribos!$A$2:$A$731, 0)), 0)} | N8: {=IF($A8 - Configuracion!$I$14 - 1 > 0, INDEX(Motor_Arribos!N$2:N$731, MATCH($A8 - Configuracion!$I$14 - 1, Motor_Arribos!$A$2:$A$731, 0)), 0)} | O8: {=IF($A8 - Configuracion!$I$15 - 1 > 0, INDEX(Motor_Arribos!O$2:O$731, MATCH($A8 - Configuracion!$I$15 - 1, Motor_Arribos!$A$2:$A$731, 0)), 0)}
A9: 8 | B9: {=IF($A9 - Configuracion!$I$2 - 1 > 0, INDEX(Motor_Arribos!B$2:B$731, MATCH($A9 - Configuracion!$I$2 - 1, Motor_Arribos!$A$2:$A$731, 0)), 0)} | C9: {=IF($A9 - Configuracion!$I$3 - 1 > 0, INDEX(Motor_Arribos!C$2:C$731, MATCH($A9 - Configuracion!$I$3 - 1, Motor_Arribos!$A$2:$A$731, 0)), 0)} | D9: {=IF($A9 - Configuracion!$I$4 - 1 > 0, INDEX(Motor_Arribos!D$2:D$731, MATCH($A9 - Configuracion!$I$4 - 1, Motor_Arribos!$A$2:$A$731, 0)), 0)} | E9: {=IF($A9 - Configuracion!$I$5 - 1 > 0, INDEX(Motor_Arribos!E$2:E$731, MATCH($A9 - Configuracion!$I$5 - 1, Motor_Arribos!$A$2:$A$731, 0)), 0)} | F9: {=IF($A9 - Configuracion!$I$6 - 1 > 0, INDEX(Motor_Arribos!F$2:F$731, MATCH($A9 - Configuracion!$I$6 - 1, Motor_Arribos!$A$2:$A$731, 0)), 0)} | G9: {=IF($A9 - Configuracion!$I$7 - 1 > 0, INDEX(Motor_Arribos!G$2:G$731, MATCH($A9 - Configuracion!$I$7 - 1, Motor_Arribos!$A$2:$A$731, 0)), 0)} | H9: {=IF($A9 - Configuracion!$I$8 - 1 > 0, INDEX(Motor_Arribos!H$2:H$731, MATCH($A9 - Configuracion!$I$8 - 1, Motor_Arribos!$A$2:$A$731, 0)), 0)} | I9: {=IF($A9 - Configuracion!$I$9 - 1 > 0, INDEX(Motor_Arribos!I$2:I$731, MATCH($A9 - Configuracion!$I$9 - 1, Motor_Arribos!$A$2:$A$731, 0)), 0)} | J9: {=IF($A9 - Configuracion!$I$10 - 1 > 0, INDEX(Motor_Arribos!J$2:J$731, MATCH($A9 - Configuracion!$I$10 - 1, Motor_Arribos!$A$2:$A$731, 0)), 0)} | K9: {=IF($A9 - Configuracion!$I$11 - 1 > 0, INDEX(Motor_Arribos!K$2:K$731, MATCH($A9 - Configuracion!$I$11 - 1, Motor_Arribos!$A$2:$A$731, 0)), 0)} | L9: {=IF($A9 - Configuracion!$I$12 - 1 > 0, INDEX(Motor_Arribos!L$2:L$731, MATCH($A9 - Configuracion!$I$12 - 1, Motor_Arribos!$A$2:$A$731, 0)), 0)} | M9: {=IF($A9 - Configuracion!$I$13 - 1 > 0, INDEX(Motor_Arribos!M$2:M$731, MATCH($A9 - Configuracion!$I$13 - 1, Motor_Arribos!$A$2:$A$731, 0)), 0)} | N9: {=IF($A9 - Configuracion!$I$14 - 1 > 0, INDEX(Motor_Arribos!N$2:N$731, MATCH($A9 - Configuracion!$I$14 - 1, Motor_Arribos!$A$2:$A$731, 0)), 0)} | O9: {=IF($A9 - Configuracion!$I$15 - 1 > 0, INDEX(Motor_Arribos!O$2:O$731, MATCH($A9 - Configuracion!$I$15 - 1, Motor_Arribos!$A$2:$A$731, 0)), 0)}
A10: 9 | B10: {=IF($A10 - Configuracion!$I$2 - 1 > 0, INDEX(Motor_Arribos!B$2:B$731, MATCH($A10 - Configuracion!$I$2 - 1, Motor_Arribos!$A$2:$A$731, 0)), 0)} | C10: {=IF($A10 - Configuracion!$I$3 - 1 > 0, INDEX(Motor_Arribos!C$2:C$731, MATCH($A10 - Configuracion!$I$3 - 1, Motor_Arribos!$A$2:$A$731, 0)), 0)} | D10: {=IF($A10 - Configuracion!$I$4 - 1 > 0, INDEX(Motor_Arribos!D$2:D$731, MATCH($A10 - Configuracion!$I$4 - 1, Motor_Arribos!$A$2:$A$731, 0)), 0)} | E10: {=IF($A10 - Configuracion!$I$5 - 1 > 0, INDEX(Motor_Arribos!E$2:E$731, MATCH($A10 - Configuracion!$I$5 - 1, Motor_Arribos!$A$2:$A$731, 0)), 0)} | F10: {=IF($A10 - Configuracion!$I$6 - 1 > 0, INDEX(Motor_Arribos!F$2:F$731, MATCH($A10 - Configuracion!$I$6 - 1, Motor_Arribos!$A$2:$A$731, 0)), 0)} | G10: {=IF($A10 - Configuracion!$I$7 - 1 > 0, INDEX(Motor_Arribos!G$2:G$731, MATCH($A10 - Configuracion!$I$7 - 1, Motor_Arribos!$A$2:$A$731, 0)), 0)} | H10: {=IF($A10 - Configuracion!$I$8 - 1 > 0, INDEX(Motor_Arribos!H$2:H$731, MATCH($A10 - Configuracion!$I$8 - 1, Motor_Arribos!$A$2:$A$731, 0)), 0)} | I10: {=IF($A10 - Configuracion!$I$9 - 1 > 0, INDEX(Motor_Arribos!I$2:I$731, MATCH($A10 - Configuracion!$I$9 - 1, Motor_Arribos!$A$2:$A$731, 0)), 0)} | J10: {=IF($A10 - Configuracion!$I$10 - 1 > 0, INDEX(Motor_Arribos!J$2:J$731, MATCH($A10 - Configuracion!$I$10 - 1, Motor_Arribos!$A$2:$A$731, 0)), 0)} | K10: {=IF($A10 - Configuracion!$I$11 - 1 > 0, INDEX(Motor_Arribos!K$2:K$731, MATCH($A10 - Configuracion!$I$11 - 1, Motor_Arribos!$A$2:$A$731, 0)), 0)} | L10: {=IF($A10 - Configuracion!$I$12 - 1 > 0, INDEX(Motor_Arribos!L$2:L$731, MATCH($A10 - Configuracion!$I$12 - 1, Motor_Arribos!$A$2:$A$731, 0)), 0)} | M10: {=IF($A10 - Configuracion!$I$13 - 1 > 0, INDEX(Motor_Arribos!M$2:M$731, MATCH($A10 - Configuracion!$I$13 - 1, Motor_Arribos!$A$2:$A$731, 0)), 0)} | N10: {=IF($A10 - Configuracion!$I$14 - 1 > 0, INDEX(Motor_Arribos!N$2:N$731, MATCH($A10 - Configuracion!$I$14 - 1, Motor_Arribos!$A$2:$A$731, 0)), 0)} | O10: {=IF($A10 - Configuracion!$I$15 - 1 > 0, INDEX(Motor_Arribos!O$2:O$731, MATCH($A10 - Configuracion!$I$15 - 1, Motor_Arribos!$A$2:$A$731, 0)), 0)}
A11: 10 | B11: {=IF($A11 - Configuracion!$I$2 - 1 > 0, INDEX(Motor_Arribos!B$2:B$731, MATCH($A11 - Configuracion!$I$2 - 1, Motor_Arribos!$A$2:$A$731, 0)), 0)} | C11: {=IF($A11 - Configuracion!$I$3 - 1 > 0, INDEX(Motor_Arribos!C$2:C$731, MATCH($A11 - Configuracion!$I$3 - 1, Motor_Arribos!$A$2:$A$731, 0)), 0)} | D11: {=IF($A11 - Configuracion!$I$4 - 1 > 0, INDEX(Motor_Arribos!D$2:D$731, MATCH($A11 - Configuracion!$I$4 - 1, Motor_Arribos!$A$2:$A$731, 0)), 0)} | E11: {=IF($A11 - Configuracion!$I$5 - 1 > 0, INDEX(Motor_Arribos!E$2:E$731, MATCH($A11 - Configuracion!$I$5 - 1, Motor_Arribos!$A$2:$A$731, 0)), 0)} | F11: {=IF($A11 - Configuracion!$I$6 - 1 > 0, INDEX(Motor_Arribos!F$2:F$731, MATCH($A11 - Configuracion!$I$6 - 1, Motor_Arribos!$A$2:$A$731, 0)), 0)} | G11: {=IF($A11 - Configuracion!$I$7 - 1 > 0, INDEX(Motor_Arribos!G$2:G$731, MATCH($A11 - Configuracion!$I$7 - 1, Motor_Arribos!$A$2:$A$731, 0)), 0)} | H11: {=IF($A11 - Configuracion!$I$8 - 1 > 0, INDEX(Motor_Arribos!H$2:H$731, MATCH($A11 - Configuracion!$I$8 - 1, Motor_Arribos!$A$2:$A$731, 0)), 0)} | I11: {=IF($A11 - Configuracion!$I$9 - 1 > 0, INDEX(Motor_Arribos!I$2:I$731, MATCH($A11 - Configuracion!$I$9 - 1, Motor_Arribos!$A$2:$A$731, 0)), 0)} | J11: {=IF($A11 - Configuracion!$I$10 - 1 > 0, INDEX(Motor_Arribos!J$2:J$731, MATCH($A11 - Configuracion!$I$10 - 1, Motor_Arribos!$A$2:$A$731, 0)), 0)} | K11: {=IF($A11 - Configuracion!$I$11 - 1 > 0, INDEX(Motor_Arribos!K$2:K$731, MATCH($A11 - Configuracion!$I$11 - 1, Motor_Arribos!$A$2:$A$731, 0)), 0)} | L11: {=IF($A11 - Configuracion!$I$12 - 1 > 0, INDEX(Motor_Arribos!L$2:L$731, MATCH($A11 - Configuracion!$I$12 - 1, Motor_Arribos!$A$2:$A$731, 0)), 0)} | M11: {=IF($A11 - Configuracion!$I$13 - 1 > 0, INDEX(Motor_Arribos!M$2:M$731, MATCH($A11 - Configuracion!$I$13 - 1, Motor_Arribos!$A$2:$A$731, 0)), 0)} | N11: {=IF($A11 - Configuracion!$I$14 - 1 > 0, INDEX(Motor_Arribos!N$2:N$731, MATCH($A11 - Configuracion!$I$14 - 1, Motor_Arribos!$A$2:$A$731, 0)), 0)} | O11: {=IF($A11 - Configuracion!$I$15 - 1 > 0, INDEX(Motor_Arribos!O$2:O$731, MATCH($A11 - Configuracion!$I$15 - 1, Motor_Arribos!$A$2:$A$731, 0)), 0)}
A12: 11 | B12: {=IF($A12 - Configuracion!$I$2 - 1 > 0, INDEX(Motor_Arribos!B$2:B$731, MATCH($A12 - Configuracion!$I$2 - 1, Motor_Arribos!$A$2:$A$731, 0)), 0)} | C12: {=IF($A12 - Configuracion!$I$3 - 1 > 0, INDEX(Motor_Arribos!C$2:C$731, MATCH($A12 - Configuracion!$I$3 - 1, Motor_Arribos!$A$2:$A$731, 0)), 0)} | D12: {=IF($A12 - Configuracion!$I$4 - 1 > 0, INDEX(Motor_Arribos!D$2:D$731, MATCH($A12 - Configuracion!$I$4 - 1, Motor_Arribos!$A$2:$A$731, 0)), 0)} | E12: {=IF($A12 - Configuracion!$I$5 - 1 > 0, INDEX(Motor_Arribos!E$2:E$731, MATCH($A12 - Configuracion!$I$5 - 1, Motor_Arribos!$A$2:$A$731, 0)), 0)} | F12: {=IF($A12 - Configuracion!$I$6 - 1 > 0, INDEX(Motor_Arribos!F$2:F$731, MATCH($A12 - Configuracion!$I$6 - 1, Motor_Arribos!$A$2:$A$731, 0)), 0)} | G12: {=IF($A12 - Configuracion!$I$7 - 1 > 0, INDEX(Motor_Arribos!G$2:G$731, MATCH($A12 - Configuracion!$I$7 - 1, Motor_Arribos!$A$2:$A$731, 0)), 0)} | H12: {=IF($A12 - Configuracion!$I$8 - 1 > 0, INDEX(Motor_Arribos!H$2:H$731, MATCH($A12 - Configuracion!$I$8 - 1, Motor_Arribos!$A$2:$A$731, 0)), 0)} | I12: {=IF($A12 - Configuracion!$I$9 - 1 > 0, INDEX(Motor_Arribos!I$2:I$731, MATCH($A12 - Configuracion!$I$9 - 1, Motor_Arribos!$A$2:$A$731, 0)), 0)} | J12: {=IF($A12 - Configuracion!$I$10 - 1 > 0, INDEX(Motor_Arribos!J$2:J$731, MATCH($A12 - Configuracion!$I$10 - 1, Motor_Arribos!$A$2:$A$731, 0)), 0)} | K12: {=IF($A12 - Configuracion!$I$11 - 1 > 0, INDEX(Motor_Arribos!K$2:K$731, MATCH($A12 - Configuracion!$I$11 - 1, Motor_Arribos!$A$2:$A$731, 0)), 0)} | L12: {=IF($A12 - Configuracion!$I$12 - 1 > 0, INDEX(Motor_Arribos!L$2:L$731, MATCH($A12 - Configuracion!$I$12 - 1, Motor_Arribos!$A$2:$A$731, 0)), 0)} | M12: {=IF($A12 - Configuracion!$I$13 - 1 > 0, INDEX(Motor_Arribos!M$2:M$731, MATCH($A12 - Configuracion!$I$13 - 1, Motor_Arribos!$A$2:$A$731, 0)), 0)} | N12: {=IF($A12 - Configuracion!$I$14 - 1 > 0, INDEX(Motor_Arribos!N$2:N$731, MATCH($A12 - Configuracion!$I$14 - 1, Motor_Arribos!$A$2:$A$731, 0)), 0)} | O12: {=IF($A12 - Configuracion!$I$15 - 1 > 0, INDEX(Motor_Arribos!O$2:O$731, MATCH($A12 - Configuracion!$I$15 - 1, Motor_Arribos!$A$2:$A$731, 0)), 0)}
A13: 12 | B13: {=IF($A13 - Configuracion!$I$2 - 1 > 0, INDEX(Motor_Arribos!B$2:B$731, MATCH($A13 - Configuracion!$I$2 - 1, Motor_Arribos!$A$2:$A$731, 0)), 0)} | C13: {=IF($A13 - Configuracion!$I$3 - 1 > 0, INDEX(Motor_Arribos!C$2:C$731, MATCH($A13 - Configuracion!$I$3 - 1, Motor_Arribos!$A$2:$A$731, 0)), 0)} | D13: {=IF($A13 - Configuracion!$I$4 - 1 > 0, INDEX(Motor_Arribos!D$2:D$731, MATCH($A13 - Configuracion!$I$4 - 1, Motor_Arribos!$A$2:$A$731, 0)), 0)} | E13: {=IF($A13 - Configuracion!$I$5 - 1 > 0, INDEX(Motor_Arribos!E$2:E$731, MATCH($A13 - Configuracion!$I$5 - 1, Motor_Arribos!$A$2:$A$731, 0)), 0)} | F13: {=IF($A13 - Configuracion!$I$6 - 1 > 0, INDEX(Motor_Arribos!F$2:F$731, MATCH($A13 - Configuracion!$I$6 - 1, Motor_Arribos!$A$2:$A$731, 0)), 0)} | G13: {=IF($A13 - Configuracion!$I$7 - 1 > 0, INDEX(Motor_Arribos!G$2:G$731, MATCH($A13 - Configuracion!$I$7 - 1, Motor_Arribos!$A$2:$A$731, 0)), 0)} | H13: {=IF($A13 - Configuracion!$I$8 - 1 > 0, INDEX(Motor_Arribos!H$2:H$731, MATCH($A13 - Configuracion!$I$8 - 1, Motor_Arribos!$A$2:$A$731, 0)), 0)} | I13: {=IF($A13 - Configuracion!$I$9 - 1 > 0, INDEX(Motor_Arribos!I$2:I$731, MATCH($A13 - Configuracion!$I$9 - 1, Motor_Arribos!$A$2:$A$731, 0)), 0)} | J13: {=IF($A13 - Configuracion!$I$10 - 1 > 0, INDEX(Motor_Arribos!J$2:J$731, MATCH($A13 - Configuracion!$I$10 - 1, Motor_Arribos!$A$2:$A$731, 0)), 0)} | K13: {=IF($A13 - Configuracion!$I$11 - 1 > 0, INDEX(Motor_Arribos!K$2:K$731, MATCH($A13 - Configuracion!$I$11 - 1, Motor_Arribos!$A$2:$A$731, 0)), 0)} | L13: {=IF($A13 - Configuracion!$I$12 - 1 > 0, INDEX(Motor_Arribos!L$2:L$731, MATCH($A13 - Configuracion!$I$12 - 1, Motor_Arribos!$A$2:$A$731, 0)), 0)} | M13: {=IF($A13 - Configuracion!$I$13 - 1 > 0, INDEX(Motor_Arribos!M$2:M$731, MATCH($A13 - Configuracion!$I$13 - 1, Motor_Arribos!$A$2:$A$731, 0)), 0)} | N13: {=IF($A13 - Configuracion!$I$14 - 1 > 0, INDEX(Motor_Arribos!N$2:N$731, MATCH($A13 - Configuracion!$I$14 - 1, Motor_Arribos!$A$2:$A$731, 0)), 0)} | O13: {=IF($A13 - Configuracion!$I$15 - 1 > 0, INDEX(Motor_Arribos!O$2:O$731, MATCH($A13 - Configuracion!$I$15 - 1, Motor_Arribos!$A$2:$A$731, 0)), 0)}
... A731: 730 | B731: {=IF($A731 - Configuracion!$I$2 - 1 > 0, INDEX(Motor_Arribos!B$2:B$731, MATCH($A731 - Configuracion!$I$2 - 1, Motor_Arribos!$A$2:$A$731, 0)), 0)} | C731: {=IF($A731 - Configuracion!$I$3 - 1 > 0, INDEX(Motor_Arribos!C$2:C$731, MATCH($A731 - Configuracion!$I$3 - 1, Motor_Arribos!$A$2:$A$731, 0)), 0)} | D731: {=IF($A731 - Configuracion!$I$4 - 1 > 0, INDEX(Motor_Arribos!D$2:D$731, MATCH($A731 - Configuracion!$I$4 - 1, Motor_Arribos!$A$2:$A$731, 0)), 0)} | E731: {=IF($A731 - Configuracion!$I$5 - 1 > 0, INDEX(Motor_Arribos!E$2:E$731, MATCH($A731 - Configuracion!$I$5 - 1, Motor_Arribos!$A$2:$A$731, 0)), 0)} | F731: {=IF($A731 - Configuracion!$I$6 - 1 > 0, INDEX(Motor_Arribos!F$2:F$731, MATCH($A731 - Configuracion!$I$6 - 1, Motor_Arribos!$A$2:$A$731, 0)), 0)} | G731: {=IF($A731 - Configuracion!$I$7 - 1 > 0, INDEX(Motor_Arribos!G$2:G$731, MATCH($A731 - Configuracion!$I$7 - 1, Motor_Arribos!$A$2:$A$731, 0)), 0)} | H731: {=IF($A731 - Configuracion!$I$8 - 1 > 0, INDEX(Motor_Arribos!H$2:H$731, MATCH($A731 - Configuracion!$I$8 - 1, Motor_Arribos!$A$2:$A$731, 0)), 0)} | I731: {=IF($A731 - Configuracion!$I$9 - 1 > 0, INDEX(Motor_Arribos!I$2:I$731, MATCH($A731 - Configuracion!$I$9 - 1, Motor_Arribos!$A$2:$A$731, 0)), 0)} | J731: {=IF($A731 - Configuracion!$I$10 - 1 > 0, INDEX(Motor_Arribos!J$2:J$731, MATCH($A731 - Configuracion!$I$10 - 1, Motor_Arribos!$A$2:$A$731, 0)), 0)} | K731: {=IF($A731 - Configuracion!$I$11 - 1 > 0, INDEX(Motor_Arribos!K$2:K$731, MATCH($A731 - Configuracion!$I$11 - 1, Motor_Arribos!$A$2:$A$731, 0)), 0)} | L731: {=IF($A731 - Configuracion!$I$12 - 1 > 0, INDEX(Motor_Arribos!L$2:L$731, MATCH($A731 - Configuracion!$I$12 - 1, Motor_Arribos!$A$2:$A$731, 0)), 0)} | M731: {=IF($A731 - Configuracion!$I$13 - 1 > 0, INDEX(Motor_Arribos!M$2:M$731, MATCH($A731 - Configuracion!$I$13 - 1, Motor_Arribos!$A$2:$A$731, 0)), 0)} | N731: {=IF($A731 - Configuracion!$I$14 - 1 > 0, INDEX(Motor_Arribos!N$2:N$731, MATCH($A731 - Configuracion!$I$14 - 1, Motor_Arribos!$A$2:$A$731, 0)), 0)} | O731: {=IF($A731 - Configuracion!$I$15 - 1 > 0, INDEX(Motor_Arribos!O$2:O$731, MATCH($A731 - Configuracion!$I$15 - 1, Motor_Arribos!$A$2:$A$731, 0)), 0)}

Sheet Pacientes_Activos
A1: Dia | B1: Llegadas del dia | C1: Descargas del dia | D1: Pacientes_Activos
A2: 1 | B2: =SUM(Motor_Arribos!B2:O2) | C2: =SUM(Motor_Bajas!B2:O2) | D2: =B2 - C2
A3: 2 | B3: =SUM(Motor_Arribos!B3:O3) | C3: =SUM(Motor_Bajas!B3:O3) | D3: =D2 + B3 - C3
A4: 3 | B4: =SUM(Motor_Arribos!B4:O4) | C4: =SUM(Motor_Bajas!B4:O4) | D4: =D3 + B4 - C4
A5: 4 | B5: =SUM(Motor_Arribos!B5:O5) | C5: =SUM(Motor_Bajas!B5:O5) | D5: =D4 + B5 - C5
A6: 5 | B6: =SUM(Motor_Arribos!B6:O6) | C6: =SUM(Motor_Bajas!B6:O6) | D6: =D5 + B6 - C6
A7: 6 | B7: =SUM(Motor_Arribos!B7:O7) | C7: =SUM(Motor_Bajas!B7:O7) | D7: =D6 + B7 - C7
A8: 7 | B8: =SUM(Motor_Arribos!B8:O8) | C8: =SUM(Motor_Bajas!B8:O8) | D8: =D7 + B8 - C8
A9: 8 | B9: =SUM(Motor_Arribos!B9:O9) | C9: =SUM(Motor_Bajas!B9:O9) | D9: =D8 + B9 - C9
A10: 9 | B10: =SUM(Motor_Arribos!B10:O10) | C10: =SUM(Motor_Bajas!B10:O10) | D10: =D9 + B10 - C10
A11: 10 | B11: =SUM(Motor_Arribos!B11:O11) | C11: =SUM(Motor_Bajas!B11:O11) | D11: =D10 + B11 - C11
A12: 11 | B12: =SUM(Motor_Arribos!B12:O12) | C12: =SUM(Motor_Bajas!B12:O12) | D12: =D11 + B12 - C12
A13: 12 | B13: =SUM(Motor_Arribos!B13:O13) | C13: =SUM(Motor_Bajas!B13:O13) | D13: =D12 + B13 - C13
A14: 13 | B14: =SUM(Motor_Arribos!B14:O14) | C14: =SUM(Motor_Bajas!B14:O14) | D14: =D13 + B14 - C14
... A366: 365 | B366: =SUM(Motor_Arribos!B366:O366) | C366: =SUM(Motor_Bajas!B366:O366) | D366: =D365 + B366 - C366
